TIPO,OPERACIÓN,DESPACHO,NOMBRE,CAPACIDAD NETA [MW],OPERADOR,INICIO OPERACION,MUNICIPIO,DEPARTAMENTO,SUBÁREA
HIDRÁULICA,GENERADOR DISTRIBUIDO,NO DESPACHADA CENTRALMENTE,        AMALFI,"0,81",HZ ENERGY S.A.S. E.S.P.,05/08/2007,AMALFI,ANTIOQUIA,SubArea Antioquia
HIDRÁULICA,GENERADOR DISTRIBUIDO,NO DESPACHADA CENTRALMENTE,        AMERICA,"0,41",EMPRESAS PUBLICAS DE MEDELLIN E.S.P.,01/01/1997,MEDELLÍN,ANTIOQUIA,SubArea Antioquia
HIDRÁULICA,GENERADOR DISTRIBUIDO,NO DESPACHADA CENTRALMENTE,        ASNAZU,"0,45",VATIA S.A. E.S.P.,01/01/1934,SUÁREZ,CAUCA,SubArea Valle
HIDRÁULICA,GENERADOR DISTRIBUIDO,NO DESPACHADA CENTRALMENTE,        BAYONA,"0,6",EMPRESAS PUBLICAS DE CALARCA ESP,01/01/1943,CALARCÁ,QUINDÍO,SubArea CQR
HIDRÁULICA,GENERADOR DISTRIBUIDO,NO DESPACHADA CENTRALMENTE,        BELLO,"0,35",EMPRESAS PUBLICAS DE MEDELLIN E.S.P.,01/01/1997,BELLO,ANTIOQUIA,SubArea Antioquia
HIDRÁULICA,GENERADOR DISTRIBUIDO,NO DESPACHADA CENTRALMENTE,        CAMPESTRE (CALARCA),"0,7",EMPRESAS PUBLICAS DE CALARCA ESP,01/01/1956,CALARCÁ,QUINDÍO,SubArea CQR
HIDRÁULICA,GENERADOR DISTRIBUIDO,NO DESPACHADA CENTRALMENTE,        CAMPESTRE (EPM),"0,87",EMPRESAS PUBLICAS DE MEDELLIN E.S.P.,01/01/1997,MEDELLÍN,ANTIOQUIA,SubArea Antioquia
HIDRÁULICA,GENERADOR DISTRIBUIDO,NO DESPACHADA CENTRALMENTE,        EL COCUYO,"0,7",P.CH EL COCUYO SAS ESP,20/05/2016,VERSALLES,VALLE DEL CAUCA,SubArea Valle
HIDRÁULICA,GENERADOR DISTRIBUIDO,NO DESPACHADA CENTRALMENTE,        GUACAICA,"0,86",EMPRESAS PUBLICAS DE MEDELLIN E.S.P.,01/01/1992,NEIRA,CALDAS,SubArea CQR
HIDRÁULICA,GENERADOR DISTRIBUIDO,NO DESPACHADA CENTRALMENTE,        INTERMEDIA,"0,96",EMPRESAS PUBLICAS DE MEDELLIN E.S.P.,01/01/1974,MANIZALES,CALDAS,SubArea CQR
HIDRÁULICA,GENERADOR DISTRIBUIDO,NO DESPACHADA CENTRALMENTE,        INZA,"0,75",VATIA S.A. E.S.P.,05/02/2009,INZÁ,CAUCA,SubArea Huila-Tolima
HIDRÁULICA,GENERADOR DISTRIBUIDO,NO DESPACHADA CENTRALMENTE,        LA FRISOLERA,"0,47",SIGMA2 COMERCIALIZADORA  DE ENERGIA ELECTRICA SAS ESP,29/04/2016,SALAMINA,CALDAS,SubArea CQR
HIDRÁULICA,GENERADOR DISTRIBUIDO,NO DESPACHADA CENTRALMENTE,        LA REBUSCA,"0,7",HZ ENERGY S.A.S. E.S.P.,24/07/2014,SAN ROQUE,ANTIOQUIA,SubArea Antioquia
HIDRÁULICA,GENERADOR DISTRIBUIDO,NO DESPACHADA CENTRALMENTE,        LAS VIOLETAS,"0,945",P.CH EL COCUYO SAS ESP,30/03/2022,SAN ROQUE,ANTIOQUIA,SubArea Antioquia
HIDRÁULICA,GENERADOR DISTRIBUIDO,NO DESPACHADA CENTRALMENTE,        MONDOMO,"0,75",VATIA S.A. E.S.P.,01/01/1958,SANTANDER DE QUILICHAO,CAUCA,SubArea Cauca-Narino
HIDRÁULICA,GENERADOR DISTRIBUIDO,NO DESPACHADA CENTRALMENTE,        NUTIBARA,"0,75",EMPRESAS PUBLICAS DE MEDELLIN E.S.P.,01/01/1997,MEDELLÍN,ANTIOQUIA,SubArea Antioquia
HIDRÁULICA,GENERADOR DISTRIBUIDO,NO DESPACHADA CENTRALMENTE,        OVEJAS,"0,82",VATIA S.A. E.S.P.,01/01/1939,BUENOS AIRES,CAUCA,SubArea Valle
HIDRÁULICA,GENERADOR DISTRIBUIDO,NO DESPACHADA CENTRALMENTE,        PASTALES,"0,7",HIDROTOLIMA S.A. E.S.P.,18/02/2004,IBAGUÉ,TOLIMA,SubArea Huila-Tolima
HIDRÁULICA,GENERADOR DISTRIBUIDO,NO DESPACHADA CENTRALMENTE,        POCUNE,1,SPECTRUM RENOVAVEIS S.A.S. E.S.P.,31/12/2020,REMEDIOS,ANTIOQUIA,SubArea Antioquia
HIDRÁULICA,GENERADOR DISTRIBUIDO,NO DESPACHADA CENTRALMENTE,        REMEDIOS,"0,75",COMPAÑÍA INTEGRAL ENERGETICA S.A.S E.S.P,19/09/2007,REMEDIOS,ANTIOQUIA,SubArea Antioquia
HIDRÁULICA,GENERADOR DISTRIBUIDO,NO DESPACHADA CENTRALMENTE,        RIO GRANDE,"0,3",EMPRESAS PUBLICAS DE MEDELLIN E.S.P.,01/12/2007,DONMATÍAS,ANTIOQUIA,SubArea Antioquia
HIDRÁULICA,GENERADOR DISTRIBUIDO,NO DESPACHADA CENTRALMENTE,        RIO RECIO,"0,984",HIDROTOLIMA S.A. E.S.P.,01/11/1958,LÉRIDA,TOLIMA,SubArea Huila-Tolima
HIDRÁULICA,GENERADOR DISTRIBUIDO,NO DESPACHADA CENTRALMENTE,        RIOFRIO (TAMESIS),1,EMPRESAS PUBLICAS DE MEDELLIN E.S.P.,01/01/1951,TÁMESIS,ANTIOQUIA,SubArea Antioquia
HIDRÁULICA,GENERADOR DISTRIBUIDO,NO DESPACHADA CENTRALMENTE,        SAN FRANCISCO (PUTUMAYO),"0,468",SIGMA2 COMERCIALIZADORA  DE ENERGIA ELECTRICA SAS ESP,15/12/2012,SAN FRANCISCO,PUTUMAYO,SubArea Cauca-Narino
HIDRÁULICA,GENERADOR DISTRIBUIDO,NO DESPACHADA CENTRALMENTE,        SAN JOSE,"0,38",FUENTES DE ENERGIAS RENOVABLES S.A.S. E.S.P.,16/11/2003,PENSILVANIA,CALDAS,SubArea CQR
HIDRÁULICA,GENERADOR DISTRIBUIDO,NO DESPACHADA CENTRALMENTE,        SAN JOSE DE LA MONTAÑA,"0,4",EMPRESA DE GENERACION Y PROMOCION DE ENERGIA DE ANTIOQUIA S.A. E.S.P.,30/07/2007,SAN JOSÉ DE LA MONTAÑA,ANTIOQUIA,SubArea Antioquia
HIDRÁULICA,GENERADOR DISTRIBUIDO,NO DESPACHADA CENTRALMENTE,        SILVIA,"0,38",VATIA S.A. E.S.P.,01/01/1994,SILVIA,CAUCA,SubArea Cauca-Narino
HIDRÁULICA,GENERADOR DISTRIBUIDO,NO DESPACHADA CENTRALMENTE,        UNION,"0,7",EMPRESAS PUBLICAS DE CALARCA ESP,01/01/1935,CALARCÁ,QUINDÍO,SubArea CQR
HIDRÁULICA,AUTOGENERADOR,NO DESPACHADA CENTRALMENTE,        AUTOG ARGOS EL CAIRO,"6,5",EMPRESAS PUBLICAS DE MEDELLIN E.S.P.,29/09/2017,SANTA BÁRBARA,ANTIOQUIA,SubArea Antioquia
HIDRÁULICA,AUTOGENERADOR,NO DESPACHADA CENTRALMENTE,        AUTOG AYURA,"16,7",EMPRESAS PUBLICAS DE MEDELLIN E.S.P.,26/10/1983,ENVIGADO,ANTIOQUIA,SubArea Antioquia
HIDRÁULICA,AUTOGENERADOR,NO DESPACHADA CENTRALMENTE,        AUTOG CANTAYUS,"4,32",GENERADORA Y COMERCIALIZADORA DE ENERGIA DEL CARIBE S.A. E.S.P.,20/05/2017,CISNEROS,ANTIOQUIA,SubArea Antioquia
HIDRÁULICA,AUTOGENERADOR,NO DESPACHADA CENTRALMENTE,        AUTOG CEMENTOS DEL NARE,9,EMPRESAS PUBLICAS DE MEDELLIN E.S.P.,01/09/2004,PUERTO NARE,ANTIOQUIA,SubArea Antioquia
HIDRÁULICA,AUTOGENERADOR,NO DESPACHADA CENTRALMENTE,        AUTOG GRAN COLOMBIA GOLD,1,PROELECTRICA S.A.S E.S.P.,31/05/2022,REMEDIOS,ANTIOQUIA,SubArea Antioquia
HIDRÁULICA,GENERADOR,NO DESPACHADA CENTRALMENTE,        AGUA FRESCA,"7,29",ENERGIA DEL RIO PIEDRAS S.A. E.S.P,10/04/2008,JERICÓ,ANTIOQUIA,SubArea Antioquia
HIDRÁULICA,GENERADOR,NO DESPACHADA CENTRALMENTE,        ALEJANDRIA,17,GENERADORA ALEJANDRIA S.A.S. E.S.P.,02/03/2017,ALEJANDRÍA,ANTIOQUIA,SubArea Antioquia
HIDRÁULICA,GENERADOR,NO DESPACHADA CENTRALMENTE,        ALTO TULUA,"19,9",CELSIA COLOMBIA S.A. E.S.P.,28/05/2012,TULUÁ,VALLE DEL CAUCA,SubArea Valle
HIDRÁULICA,GENERADOR,NO DESPACHADA CENTRALMENTE,        AMAIME,"19,17",CELSIA COLOMBIA S.A. E.S.P.,06/01/2011,PALMIRA,VALLE DEL CAUCA,SubArea Valle
HIDRÁULICA,GENERADOR,NO DESPACHADA CENTRALMENTE,        AURES BAJO,"19,4",AURES BAJO S.A.S. E.S.P.,12/12/2018,SONSÓN,ANTIOQUIA,SubArea Antioquia
HIDRÁULICA,GENERADOR,NO DESPACHADA CENTRALMENTE,        BAJO TULUA,"19,9",CELSIA COLOMBIA S.A. E.S.P.,30/01/2015,TULUÁ,VALLE DEL CAUCA,SubArea Valle
HIDRÁULICA,GENERADOR,NO DESPACHADA CENTRALMENTE,        BARROSO,"19,9",ISAGEN S.A. E.S.P.,30/11/2012,SALGAR,ANTIOQUIA,SubArea Antioquia
HIDRÁULICA,GENERADOR,NO DESPACHADA CENTRALMENTE,        BELMONTE,"3,4",EMPRESA DE ENERGIA DE PEREIRA S.A. E.S.P.,01/01/1939,PEREIRA,RISARALDA,SubArea CQR
HIDRÁULICA,GENERADOR,NO DESPACHADA CENTRALMENTE,        CALDERAS,"19,9",ISAGEN S.A. E.S.P.,30/06/2006,SAN CARLOS,ANTIOQUIA,SubArea Antioquia
HIDRÁULICA,GENERADOR,NO DESPACHADA CENTRALMENTE,        CARACOLI,"3,75",EMPRESAS PUBLICAS DE MEDELLIN E.S.P.,01/01/1935,CARACOLÍ,ANTIOQUIA,SubArea Antioquia
HIDRÁULICA,GENERADOR,NO DESPACHADA CENTRALMENTE,        CARUQUIA,"9,5",ISAGEN S.A. E.S.P.,28/01/2010,SANTA ROSA DE OSOS,ANTIOQUIA,SubArea Antioquia
HIDRÁULICA,GENERADOR,NO DESPACHADA CENTRALMENTE,        CASCADA,3,EMPRESAS PUBLICAS DE MEDELLIN E.S.P.,01/01/1954,BUCARAMANGA,SANTANDER,SubArea Santander
HIDRÁULICA,GENERADOR,NO DESPACHADA CENTRALMENTE,        CAUYA,"1,51",SANTA FE ENERGY ZOMAC S.A.S. E.S.P.,25/04/2022,ANSERMA,CALDAS,SubArea CQR
HIDRÁULICA,GENERADOR,NO DESPACHADA CENTRALMENTE,        CHARQUITO,"19,4",ENEL COLOMBIA SA ESP,22/08/2003,SOACHA,CUNDINAMARCA,SubArea Bogota
HIDRÁULICA,GENERADOR,NO DESPACHADA CENTRALMENTE,        COCONUCO,"4,5",EMPRESA MUNICIPAL DE ENERGIA ELECTRICA S.A. E.S.P.,27/09/2000,POPAYÁN,CAUCA,SubArea Cauca-Narino
HIDRÁULICA,GENERADOR,NO DESPACHADA CENTRALMENTE,        COELLO,"1,2",ENERGETICA S.A. E.S.P.,10/12/2016,COELLO,TOLIMA,SubArea Huila-Tolima
HIDRÁULICA,GENERADOR,NO DESPACHADA CENTRALMENTE,        CURRUCUCUES,"1,25",ENERCO S.A. E.S.P.,18/08/2010,ROVIRA,TOLIMA,SubArea Huila-Tolima
HIDRÁULICA,GENERADOR,NO DESPACHADA CENTRALMENTE,        EL BOSQUE,"2,28",ENERGIA RENOVABLE DE COLOMBIA S.A.S E.S.P.,01/01/1935,ARMENIA,QUINDÍO,SubArea CQR
HIDRÁULICA,GENERADOR,NO DESPACHADA CENTRALMENTE,        EL EDEN,"19,9",PROELECTRICA S.A.S E.S.P.,02/03/2017,PENSILVANIA,CALDAS,SubArea CQR
HIDRÁULICA,GENERADOR,NO DESPACHADA CENTRALMENTE,        EL LIMONAR,18,ENEL COLOMBIA SA ESP,06/12/2003,SAN ANTONIO DEL TEQUENDAMA,CUNDINAMARCA,SubArea Bogota
HIDRÁULICA,GENERADOR,NO DESPACHADA CENTRALMENTE,        EL MOLINO,"19,9",ISAGEN S.A. E.S.P.,19/04/2017,COCORNÁ,ANTIOQUIA,SubArea Antioquia
HIDRÁULICA,GENERADOR,NO DESPACHADA CENTRALMENTE,        EL POPAL,"19,9",ISAGEN S.A. E.S.P.,31/03/2014,COCORNÁ,ANTIOQUIA,SubArea Antioquia
HIDRÁULICA,GENERADOR,NO DESPACHADA CENTRALMENTE,        FLORIDA,"19,9",VATIA S.A. E.S.P.,01/01/1975,POPAYÁN,CAUCA,SubArea Cauca-Narino
HIDRÁULICA,GENERADOR,NO DESPACHADA CENTRALMENTE,        GUANAQUITAS,"9,5",ISAGEN S.A. E.S.P.,30/06/2010,SANTA ROSA DE OSOS,ANTIOQUIA,SubArea Antioquia
HIDRÁULICA,GENERADOR,NO DESPACHADA CENTRALMENTE,        GUAVIO MENOR,"9,9",ENEL COLOMBIA SA ESP,27/04/2016,UBALÁ,CUNDINAMARCA,SubArea Bogota
HIDRÁULICA,GENERADOR,NO DESPACHADA CENTRALMENTE,        HIDROBARRANCAS,"4,7",HIDROELECTRICA BARRANCAS SAS ESP,26/11/2020,DABEIBA,ANTIOQUIA,SubArea Antioquia
HIDRÁULICA,GENERADOR,NO DESPACHADA CENTRALMENTE,        HIDROMONTAÑITAS,"19,9",CELSIA COLOMBIA S.A. E.S.P.,14/06/2012,DONMATÍAS,ANTIOQUIA,SubArea Antioquia
HIDRÁULICA,GENERADOR,NO DESPACHADA CENTRALMENTE,        INSULA,19,EMPRESAS PUBLICAS DE MEDELLIN E.S.P.,20/07/1995,CHINCHINÁ,CALDAS,SubArea CQR
HIDRÁULICA,GENERADOR,NO DESPACHADA CENTRALMENTE,        IQUIRA I,"4,32",ELECTRIFICADORA DEL HUILA S.A. E.S.P.,01/01/1955,ÍQUIRA,HUILA,SubArea Huila-Tolima
HIDRÁULICA,GENERADOR,NO DESPACHADA CENTRALMENTE,        IQUIRA II,"1,38",ELECTRIFICADORA DEL HUILA S.A. E.S.P.,01/01/1965,ÍQUIRA,HUILA,SubArea Huila-Tolima
HIDRÁULICA,GENERADOR,NO DESPACHADA CENTRALMENTE,        JUAN GARCIA,"4,52",EMPRESA DE GENERACION Y PROMOCION DE ENERGIA DE ANTIOQUIA S.A. E.S.P.,12/09/2018,LIBORINA,ANTIOQUIA,SubArea Antioquia
HIDRÁULICA,GENERADOR,NO DESPACHADA CENTRALMENTE,        LA CASCADA ( ABEJORRAL),3,EMPRESA DE GENERACION Y PROMOCION DE ENERGIA DE ANTIOQUIA S.A. E.S.P.,17/09/2007,ABEJORRAL,ANTIOQUIA,SubArea Antioquia
HIDRÁULICA,GENERADOR,NO DESPACHADA CENTRALMENTE,        LA CASCADA (ANTIOQUIA),"2,3",VATIA S.A. E.S.P.,17/07/2007,SAN ROQUE,ANTIOQUIA,SubArea Antioquia
HIDRÁULICA,GENERADOR,NO DESPACHADA CENTRALMENTE,        LA CASCADA DE GRANADA,"2,09",SANTA FE ENERGY ZOMAC S.A.S. E.S.P.,30/09/2023,GRANADA,ANTIOQUIA,SubArea Antioquia
HIDRÁULICA,GENERADOR,NO DESPACHADA CENTRALMENTE,        LA CHORRERA,15,HIDROENERGIA DE LA MONTAÑA S.A.S E.S.P,31/05/2022,SAN ANDRÉS DE CUERQUÍA,ANTIOQUIA,SubArea Antioquia
HIDRÁULICA,GENERADOR,NO DESPACHADA CENTRALMENTE,        LA HERRADURA,"19,8",EMPRESAS PUBLICAS DE MEDELLIN E.S.P.,03/09/2004,CAÑASGORDAS,ANTIOQUIA,SubArea Antioquia
HIDRÁULICA,GENERADOR,NO DESPACHADA CENTRALMENTE,        LA NAVETA,"4,8",IAC ENERGY S.A.S. E.S.P.,27/11/2014,APULO,CUNDINAMARCA,SubArea Bogota
HIDRÁULICA,GENERADOR,NO DESPACHADA CENTRALMENTE,        LA PITA,"1,42",ELECTRIFICADORA DEL HUILA S.A. E.S.P.,01/01/1965,GARZÓN,HUILA,SubArea Huila-Tolima
HIDRÁULICA,GENERADOR,NO DESPACHADA CENTRALMENTE,        LA VUELTA,"11,6",EMPRESAS PUBLICAS DE MEDELLIN E.S.P.,22/11/2004,CAÑASGORDAS,ANTIOQUIA,SubArea Antioquia
HIDRÁULICA,GENERADOR,NO DESPACHADA CENTRALMENTE,        LAGUNETA,18,ENEL COLOMBIA SA ESP,17/12/2014,SAN ANTONIO DEL TEQUENDAMA,CUNDINAMARCA,SubArea Bogota
HIDRÁULICA,GENERADOR,NO DESPACHADA CENTRALMENTE,        LAS PALMAS,"2,8",VATIA S.A. E.S.P.,30/08/2017,SANTA ROSA DE OSOS,ANTIOQUIA,SubArea Antioquia
HIDRÁULICA,GENERADOR,NO DESPACHADA CENTRALMENTE,        LUZMA I,"19,6",ISAGEN S.A. E.S.P.,07/10/2017,AMALFI,ANTIOQUIA,SubArea Antioquia
HIDRÁULICA,GENERADOR,NO DESPACHADA CENTRALMENTE,        LUZMA II,"19,6",ISAGEN S.A. E.S.P.,07/10/2017,AMALFI,ANTIOQUIA,SubArea Antioquia
HIDRÁULICA,GENERADOR,NO DESPACHADA CENTRALMENTE,        MAGALLO,"5,7",CENTRAL HIDROELÉCTRICA CONCORDIA S.A.S. E.S.P.,22/12/2016,CONCORDIA,ANTIOQUIA,SubArea Antioquia
HIDRÁULICA,GENERADOR,NO DESPACHADA CENTRALMENTE,        MANANTIALES,"3,15",EMPRESAS PUBLICAS DE MEDELLIN E.S.P.,01/01/1992,MEDELLÍN,ANTIOQUIA,SubArea Antioquia
HIDRÁULICA,GENERADOR,NO DESPACHADA CENTRALMENTE,        MIROLINDO,"3,75",HIDROTOLIMA S.A. E.S.P.,03/11/2004,IBAGUÉ,TOLIMA,SubArea Huila-Tolima
HIDRÁULICA,GENERADOR,NO DESPACHADA CENTRALMENTE,        MORRO AZUL,"19,9",RISARALDA ENERGIA S.A.S. E.S.P.,10/09/2016,BELÉN DE UMBRÍA,RISARALDA,SubArea CQR
HIDRÁULICA,GENERADOR,NO DESPACHADA CENTRALMENTE,        MULATOS II,"7,34",ENERGIA DEL SUROESTE S.A. E.S.P.,26/08/2019,TARSO,ANTIOQUIA,SubArea Antioquia
HIDRÁULICA,GENERADOR,NO DESPACHADA CENTRALMENTE,        MUNICIPAL,"1,4",EMPRESAS PUBLICAS DE MEDELLIN E.S.P.,01/01/1935,MANIZALES,CALDAS,SubArea CQR
HIDRÁULICA,GENERADOR,NO DESPACHADA CENTRALMENTE,        NIMA,"6,7",CELSIA COLOMBIA S.A. E.S.P.,01/01/1942,CALI,VALLE DEL CAUCA,SubArea Valle
HIDRÁULICA,GENERADOR,NO DESPACHADA CENTRALMENTE,        NIQUIA,19,EMPRESAS PUBLICAS DE MEDELLIN E.S.P.,28/06/1993,BELLO,ANTIOQUIA,SubArea Antioquia
HIDRÁULICA,GENERADOR,NO DESPACHADA CENTRALMENTE,        NUEVO LIBARE,"5,1",EMPRESA DE ENERGIA DE PEREIRA S.A. E.S.P.,01/01/1994,DOSQUEBRADAS,RISARALDA,SubArea CQR
HIDRÁULICA,GENERADOR,NO DESPACHADA CENTRALMENTE,        OIBITA,"19,9",PCH SAN BARTOLOME S.A.S. E.S.P. ,14/05/2023,GUAPOTÁ,SANTANDER,SubArea Boyaca-Casanare
HIDRÁULICA,GENERADOR,NO DESPACHADA CENTRALMENTE,        PAJARITO,"13,2",EMPRESAS PUBLICAS DE MEDELLIN E.S.P.,25/11/1999,YARUMAL,ANTIOQUIA,SubArea Antioquia
HIDRÁULICA,GENERADOR,NO DESPACHADA CENTRALMENTE,        PALMAS SAN GIL,15,EMPRESAS PUBLICAS DE MEDELLIN E.S.P.,01/01/1954,SAN GIL,SANTANDER,SubArea Santander
HIDRÁULICA,GENERADOR,NO DESPACHADA CENTRALMENTE,        PATICO - LA CABRERA,"1,48",FUENTES DE ENERGIAS RENOVABLES S.A.S. E.S.P.,01/01/1930,POPAYÁN,CAUCA,SubArea Cauca-Narino
HIDRÁULICA,GENERADOR,NO DESPACHADA CENTRALMENTE,        PCH LA LIBERTAD,"1,2",EMPRESA GENERADORA Y COMERCIALIZADORA DE ENERGIA ELECTRICA DE COLOMBIA S.A. E.S.P.,14/03/2020,TOCA,BOYACÁ,SubArea Boyaca-Casanare
HIDRÁULICA,GENERADOR,NO DESPACHADA CENTRALMENTE,        PORCE III MENOR,"1,8",EMPRESAS PUBLICAS DE MEDELLIN E.S.P.,25/04/2016,ANORÍ,ANTIOQUIA,SubArea Antioquia
HIDRÁULICA,GENERADOR,NO DESPACHADA CENTRALMENTE,        PRADO IV,5,CELSIA COLOMBIA S.A. E.S.P.,01/03/1973,PRADO,TOLIMA,SubArea Huila-Tolima
HIDRÁULICA,GENERADOR,NO DESPACHADA CENTRALMENTE,        PROVIDENCIA,"4,9",HZ ENERGY S.A.S. E.S.P.,30/09/2015,ANORÍ,ANTIOQUIA,SubArea Cerromatoso
HIDRÁULICA,GENERADOR,NO DESPACHADA CENTRALMENTE,        PUENTE GUILLERMO,"4,2",ENERCO S.A. E.S.P.,01/09/2001,PUENTE NACIONAL,SANTANDER,SubArea Boyaca-Casanare
HIDRÁULICA,GENERADOR,NO DESPACHADA CENTRALMENTE,        RIO BOBO,4,CENTRALES ELECTRICAS DE NARIÑO S.A. E.S.P.,01/01/1960,SANTA ROSA,CAUCA,SubArea Cauca-Narino
HIDRÁULICA,GENERADOR,NO DESPACHADA CENTRALMENTE,        RIO CALI,"1,8",CELSIA COLOMBIA S.A. E.S.P.,01/01/1925,CALI,VALLE DEL CAUCA,SubArea Valle
HIDRÁULICA,GENERADOR,NO DESPACHADA CENTRALMENTE,        RIO FRIO I,"1,67",COMPANIA DE ELECTRICIDAD DE TULUA S.A. E.S.P.,01/01/1954,RIOFRÍO,VALLE DEL CAUCA,SubArea Valle
HIDRÁULICA,GENERADOR,NO DESPACHADA CENTRALMENTE,        RIO FRIO II,10,COMPANIA DE ELECTRICIDAD DE TULUA S.A. E.S.P.,01/01/1996,RIOFRÍO,VALLE DEL CAUCA,SubArea Valle
HIDRÁULICA,GENERADOR,NO DESPACHADA CENTRALMENTE,        RIO MAYO,"19,8",CENTRALES ELECTRICAS DE NARIÑO S.A. E.S.P.,20/07/1995,SAN PABLO,NARIÑO,SubArea Cauca-Narino
HIDRÁULICA,GENERADOR,NO DESPACHADA CENTRALMENTE,        RIO PALO,"1,44",VATIA S.A. E.S.P.,01/01/1960,CALOTO,CAUCA,SubArea Cauca-Narino
HIDRÁULICA,GENERADOR,NO DESPACHADA CENTRALMENTE,        RIO PIEDRAS,"21,6",CELSIA COLOMBIA S.A. E.S.P.,31/03/2000,JERICÓ,ANTIOQUIA,SubArea Antioquia
HIDRÁULICA,GENERADOR,NO DESPACHADA CENTRALMENTE,        RIO SAPUYES,"1,65",CENTRALES ELECTRICAS DE NARIÑO S.A. E.S.P.,01/01/1954,TÚQUERRES,NARIÑO,SubArea Cauca-Narino
HIDRÁULICA,GENERADOR,NO DESPACHADA CENTRALMENTE,        RIOGRANDE I,19,EMPRESAS PUBLICAS DE MEDELLIN E.S.P.,01/01/1956,DONMATÍAS,ANTIOQUIA,SubArea Antioquia
HIDRÁULICA,GENERADOR,NO DESPACHADA CENTRALMENTE,        RIONEGRO,"10,2",ESPACIO PRODUCTIVO S.A.S. E.S.P.,01/01/1975,PUERTO SALGAR,CUNDINAMARCA,SubArea CQR
HIDRÁULICA,GENERADOR,NO DESPACHADA CENTRALMENTE,        RUMOR,"2,5",COMPANIA DE ELECTRICIDAD DE TULUA S.A. E.S.P.,01/01/1999,TULUÁ,VALLE DEL CAUCA,SubArea Valle
HIDRÁULICA,GENERADOR,NO DESPACHADA CENTRALMENTE,        SAJANDI,"3,2",VATIA S.A. E.S.P.,01/01/1995,PATÍA,CAUCA,SubArea Cauca-Narino
HIDRÁULICA,GENERADOR,NO DESPACHADA CENTRALMENTE,        SAN ANDRES DE CUERQUIA,"19,9",CELSIA COLOMBIA S.A. E.S.P.,11/06/2020,SAN ANDRÉS DE CUERQUÍA,ANTIOQUIA,SubArea Antioquia
HIDRÁULICA,GENERADOR,NO DESPACHADA CENTRALMENTE,        SAN BARTOLOME,"19,9",PCH SAN BARTOLOME S.A.S. E.S.P. ,14/05/2023,GUAPOTÁ,SANTANDER,SubArea Boyaca-Casanare
HIDRÁULICA,GENERADOR,NO DESPACHADA CENTRALMENTE,        SAN CANCIO,2,EMPRESAS PUBLICAS DE MEDELLIN E.S.P.,01/01/1929,MANIZALES,CALDAS,SubArea CQR
HIDRÁULICA,GENERADOR,NO DESPACHADA CENTRALMENTE,        SAN JOSE DE LA MONTAÑA II,"1,1",EMPRESA DE GENERACION Y PROMOCION DE ENERGIA DE ANTIOQUIA S.A. E.S.P.,06/10/2018,SAN JOSÉ DE LA MONTAÑA,ANTIOQUIA,SubArea Antioquia
HIDRÁULICA,GENERADOR,NO DESPACHADA CENTRALMENTE,        SAN MATIAS,"19,9",ISAGEN S.A. E.S.P.,25/04/2017,COCORNÁ,ANTIOQUIA,SubArea Antioquia
HIDRÁULICA,GENERADOR,NO DESPACHADA CENTRALMENTE,        SANTA ANA,8,ENEL COLOMBIA SA ESP,09/06/2005,UBALÁ,CUNDINAMARCA,SubArea Bogota
HIDRÁULICA,GENERADOR,NO DESPACHADA CENTRALMENTE,        SANTA RITA,"1,3",EMPRESA DE GENERACION Y PROMOCION DE ENERGIA DE ANTIOQUIA S.A. E.S.P.,18/08/2010,ANDES,ANTIOQUIA,SubArea Antioquia
HIDRÁULICA,GENERADOR,NO DESPACHADA CENTRALMENTE,        SANTIAGO,"2,8",HIDROTOLIMA S.A. E.S.P.,08/01/2011,SANTO DOMINGO,ANTIOQUIA,SubArea Antioquia
HIDRÁULICA,GENERADOR,NO DESPACHADA CENTRALMENTE,        SONSON,"18,5",EMPRESAS PUBLICAS DE MEDELLIN E.S.P.,01/06/2002,SONSÓN,ANTIOQUIA,SubArea Antioquia
HIDRÁULICA,GENERADOR,NO DESPACHADA CENTRALMENTE,        SUBA,"2,6",ENEL COLOMBIA SA ESP,15/04/2013,BOGOTÁ. D.C.,BOGOTÁ. D.C.,SubArea Bogota
HIDRÁULICA,GENERADOR,NO DESPACHADA CENTRALMENTE,        SUEVA 2,6,CEMEX ENERGY S.A.S E.S.P.,24/05/2002,JUNÍN,CUNDINAMARCA,SubArea Bogota
HIDRÁULICA,GENERADOR,NO DESPACHADA CENTRALMENTE,        TEQUENDAMA 1,"14,2",ENEL COLOMBIA SA ESP,03/04/2018,SAN ANTONIO DEL TEQUENDAMA,CUNDINAMARCA,SubArea Bogota
HIDRÁULICA,GENERADOR,NO DESPACHADA CENTRALMENTE,        TEQUENDAMA 2,"14,2",ENEL COLOMBIA SA ESP,03/04/2018,SAN ANTONIO DEL TEQUENDAMA,CUNDINAMARCA,SubArea Bogota
HIDRÁULICA,GENERADOR,NO DESPACHADA CENTRALMENTE,        TEQUENDAMA 3,"14,2",ENEL COLOMBIA SA ESP,03/04/2018,SAN ANTONIO DEL TEQUENDAMA,CUNDINAMARCA,SubArea Bogota
HIDRÁULICA,GENERADOR,NO DESPACHADA CENTRALMENTE,        TEQUENDAMA 4,"14,2",ENEL COLOMBIA SA ESP,03/04/2018,SAN ANTONIO DEL TEQUENDAMA,CUNDINAMARCA,SubArea Bogota
HIDRÁULICA,GENERADOR,NO DESPACHADA CENTRALMENTE,        TUNJITA,"19,7",AES COLOMBIA & CIA. S.C.A. E.S.P.,30/06/2016,TUNJA,BOYACÁ,SubArea Bogota
HIDRÁULICA,GENERADOR,NO DESPACHADA CENTRALMENTE,        URRAO,"1,03",SANTA FE ENERGY ZOMAC S.A.S. E.S.P.,30/07/2007,URRAO,ANTIOQUIA,SubArea Antioquia
HIDRÁULICA,GENERADOR,NO DESPACHADA CENTRALMENTE,        USAQUEN,"1,8",ENEL COLOMBIA SA ESP,15/04/2013,BOGOTÁ. D.C.,BOGOTÁ. D.C.,SubArea Bogota
HIDRÁULICA,GENERADOR,NO DESPACHADA CENTRALMENTE,        VENTANA A,"2,5",HIDROTOLIMA S.A. E.S.P.,01/11/1957,ESPINAL,TOLIMA,SubArea Huila-Tolima
HIDRÁULICA,GENERADOR,NO DESPACHADA CENTRALMENTE,        VENTANA B,"2,5",HIDROTOLIMA S.A. E.S.P.,01/11/1957,ESPINAL,TOLIMA,SubArea Huila-Tolima
HIDRÁULICA,GENERADOR,NO DESPACHADA CENTRALMENTE,        ZEUS,"9,9",CENTRAL HIDROELÉCTRICA ZEUS SAS ESP,19/05/2022,DONMATÍAS,ANTIOQUIA,SubArea Antioquia
HIDRÁULICA,GENERADOR,DESPACHADA CENTRALMENTE,        ALTO ANCHICAYA,355,CELSIA COLOMBIA S.A. E.S.P.,01/01/1974,BUENAVENTURA,VALLE DEL CAUCA,SubArea Valle
HIDRÁULICA,GENERADOR,DESPACHADA CENTRALMENTE,        AMOYA LA ESPERANZA,80,ISAGEN S.A. E.S.P.,24/05/2013,CHAPARRAL,TOLIMA,SubArea Huila-Tolima
HIDRÁULICA,GENERADOR,DESPACHADA CENTRALMENTE,        BAJO ANCHICAYA,72,CELSIA COLOMBIA S.A. E.S.P.,01/01/1957,BUENAVENTURA,VALLE DEL CAUCA,SubArea Valle
HIDRÁULICA,GENERADOR,DESPACHADA CENTRALMENTE,        BETANIA,540,ENEL COLOMBIA SA ESP,01/11/1987,YAGUARÁ,HUILA,SubArea Huila-Tolima
HIDRÁULICA,GENERADOR,DESPACHADA CENTRALMENTE,        CALIMA,132,CELSIA COLOMBIA S.A. E.S.P.,01/01/1967,CALIMA,VALLE DEL CAUCA,SubArea Valle
HIDRÁULICA,GENERADOR,DESPACHADA CENTRALMENTE,        CARLOS LLERAS,78,HIDROELECTRICA DEL ALTO PORCE S.A.S. E.S.P.,22/11/2015,GIRARDOTA,ANTIOQUIA,SubArea Antioquia
HIDRÁULICA,GENERADOR,DESPACHADA CENTRALMENTE,        CHIVOR,1000,AES COLOMBIA & CIA. S.C.A. E.S.P.,23/05/1977,SANTA MARÍA,BOYACÁ,SubArea Bogota
HIDRÁULICA,GENERADOR,DESPACHADA CENTRALMENTE,        CUCUANA,56,CELSIA COLOMBIA S.A. E.S.P.,29/07/2015,RONCESVALLES,TOLIMA,SubArea Huila-Tolima
HIDRÁULICA,GENERADOR,DESPACHADA CENTRALMENTE,        DARIO VALENCIA SAMPER,150,ENEL COLOMBIA SA ESP,10/11/2013,LA MESA,CUNDINAMARCA,SubArea Bogota
HIDRÁULICA,GENERADOR,DESPACHADA CENTRALMENTE,        EL QUIMBO,400,ENEL COLOMBIA SA ESP,16/11/2015,GIGANTE,HUILA,SubArea Cauca-Narino
HIDRÁULICA,GENERADOR,DESPACHADA CENTRALMENTE,        ESCUELA DE MINAS,55,HIDROELECTRICA DEL ALTO PORCE S.A.S. E.S.P.,30/09/2019,MARINILLA,ANTIOQUIA,SubArea Antioquia
HIDRÁULICA,GENERADOR,DESPACHADA CENTRALMENTE,        ESMERALDA,30,EMPRESAS PUBLICAS DE MEDELLIN E.S.P.,01/01/1963,CHINCHINÁ,CALDAS,SubArea CQR
HIDRÁULICA,GENERADOR,DESPACHADA CENTRALMENTE,        GUADALUPE III,270,EMPRESAS PUBLICAS DE MEDELLIN E.S.P.,31/10/1996,GÓMEZ PLATA,ANTIOQUIA,SubArea Antioquia
HIDRÁULICA,GENERADOR,DESPACHADA CENTRALMENTE,        GUADALUPE IV,202,EMPRESAS PUBLICAS DE MEDELLIN E.S.P.,31/10/1996,GÓMEZ PLATA,ANTIOQUIA,SubArea Antioquia
HIDRÁULICA,GENERADOR,DESPACHADA CENTRALMENTE,        GUATAPE,560,EMPRESAS PUBLICAS DE MEDELLIN E.S.P.,01/01/1972,GUATAPÉ,ANTIOQUIA,SubArea Antioquia
HIDRÁULICA,GENERADOR,DESPACHADA CENTRALMENTE,        GUAVIO,1250,ENEL COLOMBIA SA ESP,19/03/1993,UBALÁ,CUNDINAMARCA,SubArea Bogota
HIDRÁULICA,GENERADOR,DESPACHADA CENTRALMENTE,        ITUANGO,1200,EMPRESAS PUBLICAS DE MEDELLIN E.S.P.,01/12/2022,ITUANGO,ANTIOQUIA,SubArea Antioquia
HIDRÁULICA,GENERADOR,DESPACHADA CENTRALMENTE,        JAGUAS,170,ISAGEN S.A. E.S.P.,01/07/1988,SAN RAFAEL,ANTIOQUIA,SubArea Antioquia
HIDRÁULICA,GENERADOR,DESPACHADA CENTRALMENTE,        LA GUACA,324,ENEL COLOMBIA SA ESP,01/12/1986,LA MESA,CUNDINAMARCA,SubArea Bogota
HIDRÁULICA,GENERADOR,DESPACHADA CENTRALMENTE,        LA TASAJERA,306,EMPRESAS PUBLICAS DE MEDELLIN E.S.P.,20/05/1994,GIRARDOTA,ANTIOQUIA,SubArea Antioquia
HIDRÁULICA,GENERADOR,DESPACHADA CENTRALMENTE,        MIEL I,396,ISAGEN S.A. E.S.P.,01/12/2002,NORCASIA,CALDAS,SubArea CQR
HIDRÁULICA,GENERADOR,DESPACHADA CENTRALMENTE,        PARAISO,276,ENEL COLOMBIA SA ESP,01/12/1986,LA MESA,CUNDINAMARCA,SubArea Bogota
HIDRÁULICA,GENERADOR,DESPACHADA CENTRALMENTE,        PLAYAS,207,EMPRESAS PUBLICAS DE MEDELLIN E.S.P.,01/08/1988,SAN CARLOS,ANTIOQUIA,SubArea Antioquia
HIDRÁULICA,GENERADOR,DESPACHADA CENTRALMENTE,        PORCE II,405,EMPRESAS PUBLICAS DE MEDELLIN E.S.P.,08/04/2001,AMALFI,ANTIOQUIA,SubArea Antioquia
HIDRÁULICA,GENERADOR,DESPACHADA CENTRALMENTE,        PORCE III,700,EMPRESAS PUBLICAS DE MEDELLIN E.S.P.,09/02/2011,ANORÍ,ANTIOQUIA,SubArea Antioquia
HIDRÁULICA,GENERADOR,DESPACHADA CENTRALMENTE,        PRADO,51,CELSIA COLOMBIA S.A. E.S.P.,01/03/1973,PRADO,TOLIMA,SubArea Huila-Tolima
HIDRÁULICA,GENERADOR,DESPACHADA CENTRALMENTE,        SALTO II,35,ENEL COLOMBIA SA ESP,25/06/2014,EL COLEGIO,CUNDINAMARCA,SubArea Bogota
HIDRÁULICA,GENERADOR,DESPACHADA CENTRALMENTE,        SALVAJINA,315,CELSIA COLOMBIA S.A. E.S.P.,20/07/1995,SUÁREZ,CAUCA,SubArea Valle
HIDRÁULICA,GENERADOR,DESPACHADA CENTRALMENTE,        SAN CARLOS,1240,ISAGEN S.A. E.S.P.,20/01/1984,SAN CARLOS,ANTIOQUIA,SubArea Antioquia
HIDRÁULICA,GENERADOR,DESPACHADA CENTRALMENTE,        SAN FRANCISCO,135,EMPRESAS PUBLICAS DE MEDELLIN E.S.P.,01/01/1969,CHINCHINÁ,CALDAS,SubArea CQR
HIDRÁULICA,GENERADOR,DESPACHADA CENTRALMENTE,        SAN MIGUEL,50,ISAGEN S.A. E.S.P.,23/12/2015,SAN FRANCISCO,ANTIOQUIA,SubArea Antioquia
HIDRÁULICA,GENERADOR,DESPACHADA CENTRALMENTE,        SOGAMOSO,819,ISAGEN S.A. E.S.P.,20/12/2014,GIRÓN,SANTANDER,SubArea Santander
HIDRÁULICA,GENERADOR,DESPACHADA CENTRALMENTE,        TRONERAS,40,EMPRESAS PUBLICAS DE MEDELLIN E.S.P.,01/01/1965,CAROLINA,ANTIOQUIA,SubArea Antioquia
HIDRÁULICA,GENERADOR,DESPACHADA CENTRALMENTE,        URRA,338,EMPRESA URRA S.A. E.S.P.,14/02/2000,TIERRALTA,CÓRDOBA,SubArea Cordoba_Sucre
SOLAR,GENERADOR DISTRIBUIDO,NO DESPACHADA CENTRALMENTE,        BARAYA,"0,996",UNERGY ENERGY DIGITAL S.A.S E.S.P,18/02/2024,GALERAS,SUCRE,SubArea Cordoba_Sucre
SOLAR,GENERADOR DISTRIBUIDO,NO DESPACHADA CENTRALMENTE,        CANAHUATE,"0,996",UNERGY ENERGY DIGITAL S.A.S E.S.P,22/02/2024,SAN DIEGO,CESAR,SubArea GCM
SOLAR,GENERADOR DISTRIBUIDO,NO DESPACHADA CENTRALMENTE,        COMUNIDAD EL SALVADOR I,"0,0127",ERCO GENERACION S.A.S. ESP,24/03/2023,MEDELLÍN,ANTIOQUIA,SubArea Antioquia
SOLAR,GENERADOR DISTRIBUIDO,NO DESPACHADA CENTRALMENTE,        COMUNIDAD EL SALVADOR II,"0,0037",ERCO GENERACION S.A.S. ESP,24/03/2023,MEDELLÍN,ANTIOQUIA,SubArea Antioquia
SOLAR,GENERADOR DISTRIBUIDO,NO DESPACHADA CENTRALMENTE,        DELTA I,"0,99",UNERGY ENERGY DIGITAL S.A.S E.S.P,13/07/2025,TAMINANGO,NARIÑO,SubArea Cauca-Narino
SOLAR,GENERADOR DISTRIBUIDO,NO DESPACHADA CENTRALMENTE,        GANDALF,"0,996",UNERGY ENERGY DIGITAL S.A.S E.S.P,22/02/2024,SAN DIEGO,CESAR,SubArea GCM
SOLAR,GENERADOR DISTRIBUIDO,NO DESPACHADA CENTRALMENTE,        GD ALFEREZ,"0,6",CELSIA COLOMBIA S.A. E.S.P.,22/02/2024,CALI,VALLE DEL CAUCA,SubArea Valle
SOLAR,GENERADOR DISTRIBUIDO,NO DESPACHADA CENTRALMENTE,        GD BASILICA,"0,975",CELSIA COLOMBIA S.A. E.S.P.,16/02/2024,GUADALAJARA DE BUGA,VALLE DEL CAUCA,SubArea Valle
SOLAR,GENERADOR DISTRIBUIDO,NO DESPACHADA CENTRALMENTE,        GD BOCAS DEL PALO,"0,1",CELSIA COLOMBIA S.A. E.S.P.,28/12/2024,JAMUNDÍ,VALLE DEL CAUCA,SubArea Cauca-Narino
SOLAR,GENERADOR DISTRIBUIDO,NO DESPACHADA CENTRALMENTE,        GD CHICORAL,"0,975",CELSIA COLOMBIA S.A. E.S.P.,19/05/2024,FLANDES,TOLIMA,SubArea Huila-Tolima
SOLAR,GENERADOR DISTRIBUIDO,NO DESPACHADA CENTRALMENTE,        GD CHIMBI,"0,975",CELSIA COLOMBIA S.A. E.S.P.,28/08/2024,CARMEN DE APICALÁ,TOLIMA,SubArea Huila-Tolima
SOLAR,GENERADOR DISTRIBUIDO,NO DESPACHADA CENTRALMENTE,        GD DIOCESIS DE RIOHACHA,"0,15",ENERGIA LIMPIA Y EFICIENTE S.A.S ESP,25/01/2025,RIOHACHA,LA GUAJIRA,SubArea GCM
SOLAR,GENERADOR DISTRIBUIDO,NO DESPACHADA CENTRALMENTE,        GD EL BANCO,"0,975",CELSIA COLOMBIA S.A. E.S.P.,22/02/2024,ARMERO,TOLIMA,SubArea CQR
SOLAR,GENERADOR DISTRIBUIDO,NO DESPACHADA CENTRALMENTE,        GD EL ROBLE,"0,996",PROELECTRICA S.A.S E.S.P.,25/11/2024,EL ROBLE,SUCRE,SubArea Cordoba_Sucre
SOLAR,GENERADOR DISTRIBUIDO,NO DESPACHADA CENTRALMENTE,        GD ERCO GUAMO I,"0,99",ERCO GENERACION S.A.S. ESP,26/04/2025,GUAMO,TOLIMA,SubArea Huila-Tolima
SOLAR,GENERADOR DISTRIBUIDO,NO DESPACHADA CENTRALMENTE,        GD ERCO GUAMO II,"0,99",ERCO GENERACION S.A.S. ESP,30/03/2025,GUAMO,TOLIMA,SubArea Huila-Tolima
SOLAR,GENERADOR DISTRIBUIDO,NO DESPACHADA CENTRALMENTE,        GD ERCO GUAMO III,"0,99",ERCO GENERACION S.A.S. ESP,30/03/2025,GUAMO,TOLIMA,SubArea Huila-Tolima
SOLAR,GENERADOR DISTRIBUIDO,NO DESPACHADA CENTRALMENTE,        GD ERCO GUAMO IV,"0,99",ERCO GENERACION S.A.S. ESP,30/03/2025,GUAMO,TOLIMA,SubArea Huila-Tolima
SOLAR,GENERADOR DISTRIBUIDO,NO DESPACHADA CENTRALMENTE,        GD ERCO SALDANA I,"0,99",ERCO GENERACION S.A.S. ESP,18/11/2024,SALDAÑA,TOLIMA,SubArea Huila-Tolima
SOLAR,GENERADOR DISTRIBUIDO,NO DESPACHADA CENTRALMENTE,        GD ERCO SALDANA II,"0,99",ERCO GENERACION S.A.S. ESP,18/11/2024,SALDAÑA,TOLIMA,SubArea Huila-Tolima
SOLAR,GENERADOR DISTRIBUIDO,NO DESPACHADA CENTRALMENTE,        GD ERCO TOLDADO,"0,99",ERCO GENERACION S.A.S. ESP,19/09/2024,ORTEGA,TOLIMA,SubArea Huila-Tolima
SOLAR,GENERADOR DISTRIBUIDO,NO DESPACHADA CENTRALMENTE,        GD FINCA ISABEL LOPEZ,"0,99",GREENYELLOW COMERCIALIZADORA S.A.S. E.S.P.,10/11/2024,SABANALARGA,ATLÁNTICO,SubArea Atlantico
SOLAR,GENERADOR DISTRIBUIDO,NO DESPACHADA CENTRALMENTE,        GD FINCA JM,"0,99",GREENYELLOW COMERCIALIZADORA S.A.S. E.S.P.,16/09/2024,SANTO TOMÁS,ATLÁNTICO,SubArea Atlantico
SOLAR,GENERADOR DISTRIBUIDO,NO DESPACHADA CENTRALMENTE,        GD LA HONDA,"0,975",CELSIA COLOMBIA S.A. E.S.P.,14/03/2024,LA VICTORIA,VALLE DEL CAUCA,SubArea Valle
SOLAR,GENERADOR DISTRIBUIDO,NO DESPACHADA CENTRALMENTE,        GD LA URIBE,"0,6",CELSIA COLOMBIA S.A. E.S.P.,14/03/2024,LA VICTORIA,VALLE DEL CAUCA,SubArea Valle
SOLAR,GENERADOR DISTRIBUIDO,NO DESPACHADA CENTRALMENTE,        GD LOS CHORROS,"0,6",CELSIA COLOMBIA S.A. E.S.P.,16/02/2024,FLANDES,TOLIMA,SubArea Huila-Tolima
SOLAR,GENERADOR DISTRIBUIDO,NO DESPACHADA CENTRALMENTE,        GD NAOS I,"0,96",UNERGY ENERGY DIGITAL S.A.S E.S.P,27/08/2024,TAMINANGO,NARIÑO,SubArea Cauca-Narino
SOLAR,GENERADOR DISTRIBUIDO,NO DESPACHADA CENTRALMENTE,        GD NAOS II,"0,96",UNERGY ENERGY DIGITAL S.A.S E.S.P,02/03/2025,TAMINANGO,NARIÑO,SubArea Cauca-Narino
SOLAR,GENERADOR DISTRIBUIDO,NO DESPACHADA CENTRALMENTE,        GD NAOS III,"0,96",UNERGY ENERGY DIGITAL S.A.S E.S.P,02/05/2025,TAMINANGO,NARIÑO,SubArea Cauca-Narino
SOLAR,GENERADOR DISTRIBUIDO,NO DESPACHADA CENTRALMENTE,        GD PALERMO,"0,975",CELSIA COLOMBIA S.A. E.S.P.,03/12/2024,FLANDES,TOLIMA,SubArea Huila-Tolima
SOLAR,GENERADOR DISTRIBUIDO,NO DESPACHADA CENTRALMENTE,        GD SAN MARTIN,"0,99",ELECTRIFICADORA DEL META S.A. E.S.P.,11/05/2025,SAN MARTÍN,META,SubArea Meta
SOLAR,GENERADOR DISTRIBUIDO,NO DESPACHADA CENTRALMENTE,        GD SAN MARTIN II,"0,99",ELECTRIFICADORA DEL META S.A. E.S.P.,25/05/2025,SAN MARTÍN,META,SubArea Meta
SOLAR,GENERADOR DISTRIBUIDO,NO DESPACHADA CENTRALMENTE,        GD SAN MARTIN III,"0,99",ELECTRIFICADORA DEL META S.A. E.S.P.,15/06/2025,SAN MARTÍN,META,SubArea Meta
SOLAR,GENERADOR DISTRIBUIDO,NO DESPACHADA CENTRALMENTE,        GRANJA SOLAR EL SALADO,"0,1",FUENTES DE ENERGIAS RENOVABLES S.A.S. E.S.P.,17/06/2023,DAGUA,VALLE DEL CAUCA,SubArea Valle
SOLAR,GENERADOR DISTRIBUIDO,NO DESPACHADA CENTRALMENTE,        LA INGLESA,"0,996",UNERGY ENERGY DIGITAL S.A.S E.S.P,16/09/2024,SAN DIEGO,CESAR,SubArea GCM
SOLAR,GENERADOR DISTRIBUIDO,NO DESPACHADA CENTRALMENTE,        LA NENERA,"0,975",ERCO GENERACION S.A.S. ESP,13/01/2024,SAN JUAN NEPOMUCENO,BOLÍVAR,SubArea Cordoba_Sucre
SOLAR,GENERADOR DISTRIBUIDO,NO DESPACHADA CENTRALMENTE,        MINIGRANJA EL MERENGUE,"0,99",UNERGY ENERGY DIGITAL S.A.S E.S.P,16/04/2025,VALLEDUPAR,CESAR,SubArea GCM
SOLAR,GENERADOR DISTRIBUIDO,NO DESPACHADA CENTRALMENTE,        MINIGRANJA EL MOLINO,"0,996",UNERGY ENERGY DIGITAL S.A.S E.S.P,30/09/2024,EL MOLINO,LA GUAJIRA,SubArea GCM
SOLAR,GENERADOR DISTRIBUIDO,NO DESPACHADA CENTRALMENTE,        MINIGRANJA EL SON,"0,99",UNERGY ENERGY DIGITAL S.A.S E.S.P,28/04/2025,VALLEDUPAR,CESAR,SubArea GCM
SOLAR,GENERADOR DISTRIBUIDO,NO DESPACHADA CENTRALMENTE,        MINIGRANJA IBIRICO,"0,99",UNERGY ENERGY DIGITAL S.A.S E.S.P,21/07/2025,LA JAGUA DE IBIRICO,CESAR,SubArea GCM
SOLAR,GENERADOR DISTRIBUIDO,NO DESPACHADA CENTRALMENTE,        MINIGRANJA LA PAZ ESMERALDA,"0,99",UNERGY ENERGY DIGITAL S.A.S E.S.P,26/02/2025,LA PAZ,CESAR,SubArea GCM
SOLAR,GENERADOR DISTRIBUIDO,NO DESPACHADA CENTRALMENTE,        MINIGRANJA LA PAZ LEYENDA,"0,99",UNERGY ENERGY DIGITAL S.A.S E.S.P,02/12/2024,LA PAZ,CESAR,SubArea GCM
SOLAR,GENERADOR DISTRIBUIDO,NO DESPACHADA CENTRALMENTE,        MINIGRANJA LA PAZ VALLENATA,"0,996",UNERGY ENERGY DIGITAL S.A.S E.S.P,13/08/2024,LA PAZ,CESAR,SubArea GCM
SOLAR,GENERADOR DISTRIBUIDO,NO DESPACHADA CENTRALMENTE,        MINIGRANJA LA PAZ VERSO,"0,99",UNERGY ENERGY DIGITAL S.A.S E.S.P,18/01/2025,LA PAZ,CESAR,SubArea GCM
SOLAR,GENERADOR DISTRIBUIDO,NO DESPACHADA CENTRALMENTE,        MINIGRANJA LA PUYA,"0,99",UNERGY ENERGY DIGITAL S.A.S E.S.P,07/04/2025,VALLEDUPAR,CESAR,SubArea GCM
SOLAR,GENERADOR DISTRIBUIDO,NO DESPACHADA CENTRALMENTE,        MINIGRANJA LA RESERVA,"0,99",UNERGY ENERGY DIGITAL S.A.S E.S.P,04/07/2025,SABANA DE TORRES,SANTANDER,SubArea Santander
SOLAR,GENERADOR DISTRIBUIDO,NO DESPACHADA CENTRALMENTE,        MINIGRANJA SAN PEDRO,"0,9959",NITRO ENERGY COLOMBIA S.A.S. E.S.P.,27/02/2024,SAN PEDRO,SUCRE,SubArea Cordoba_Sucre
SOLAR,GENERADOR DISTRIBUIDO,NO DESPACHADA CENTRALMENTE,        MINIGRANJA VILLANUEVA,"0,99",UNERGY ENERGY DIGITAL S.A.S E.S.P,25/07/2025,VILLANUEVA,LA GUAJIRA,SubArea GCM
SOLAR,GENERADOR DISTRIBUIDO,NO DESPACHADA CENTRALMENTE,        POLARIS I,"0,99",UNERGY ENERGY DIGITAL S.A.S E.S.P,13/07/2025,MERCADERES,CAUCA,SubArea Cauca-Narino
SOLAR,GENERADOR DISTRIBUIDO,NO DESPACHADA CENTRALMENTE,        SAN ONOFRE,"0,9",UNERGY ENERGY DIGITAL S.A.S E.S.P,13/07/2025,SAN ONOFRE,SUCRE,SubArea Cordoba_Sucre
SOLAR,GENERADOR DISTRIBUIDO,NO DESPACHADA CENTRALMENTE,        SOL Y CIELO II,"0,99",ENERGIA Y GAS DE COLOMBIA SAS ESP,07/03/2025,MONTERÍA,CÓRDOBA,SubArea Cordoba_Sucre
SOLAR,GENERADOR DISTRIBUIDO,NO DESPACHADA CENTRALMENTE,        SOL Y CIELO III,"0,99",ENERGIA Y GAS DE COLOMBIA SAS ESP,07/03/2025,MONTERÍA,CÓRDOBA,SubArea Cordoba_Sucre
SOLAR,GENERADOR DISTRIBUIDO,NO DESPACHADA CENTRALMENTE,        SOL Y CIELO IV,"0,99",ENERGIA Y GAS DE COLOMBIA SAS ESP,21/03/2025,BUENAVISTA,CÓRDOBA,SubArea Cerromatoso
SOLAR,GENERADOR DISTRIBUIDO,NO DESPACHADA CENTRALMENTE,        SOL Y CIELO V,"0,99",ENERGIA Y GAS DE COLOMBIA SAS ESP,08/05/2025,MONTERÍA,CÓRDOBA,SubArea Cordoba_Sucre
SOLAR,GENERADOR DISTRIBUIDO,NO DESPACHADA CENTRALMENTE,        SOL Y CIELO VI,"0,99",ENERGIA Y GAS DE COLOMBIA SAS ESP,08/05/2025,MONTERÍA,CÓRDOBA,SubArea Cordoba_Sucre
SOLAR,GENERADOR DISTRIBUIDO,NO DESPACHADA CENTRALMENTE,        URUACO,"0,996",UNERGY ENERGY DIGITAL S.A.S E.S.P,18/06/2023,LURUACO,ATLÁNTICO,SubArea Atlantico
SOLAR,GENERADOR,NO DESPACHADA CENTRALMENTE,        BOSQUES SOLARES DE LOS LLANOS 4,"19,9",ISAGEN S.A. E.S.P.,12/09/2022,PUERTO GAITÁN,META,SubArea Meta
SOLAR,GENERADOR,NO DESPACHADA CENTRALMENTE,        BOSQUES SOLARES DE LOS LLANOS 5,"17,9",ISAGEN S.A. E.S.P.,12/09/2022,PUERTO GAITÁN,META,SubArea Meta
SOLAR,GENERADOR,NO DESPACHADA CENTRALMENTE,        BSB 503,"19,9",ISAGEN S.A. E.S.P.,26/09/2024,SABANALARGA,ATLÁNTICO,SubArea Atlantico
SOLAR,GENERADOR,NO DESPACHADA CENTRALMENTE,        BSB 504,"19,9",ISAGEN S.A. E.S.P.,27/09/2024,SABANALARGA,ATLÁNTICO,SubArea Atlantico
SOLAR,GENERADOR,NO DESPACHADA CENTRALMENTE,        GD GRANJA LA RUBIELA,"0,99",DUCK ENERGY S.A.S. ESP,19/07/2025,MONTERÍA,CÓRDOBA,SubArea Cordoba_Sucre
SOLAR,GENERADOR,NO DESPACHADA CENTRALMENTE,        PARQUE SOLAR BARANOA,"19,9",FOTOVOLTAICO EL YARUMO SAS ESP,30/04/2025,BARANOA,ATLÁNTICO,SubArea Atlantico
SOLAR,GENERADOR,NO DESPACHADA CENTRALMENTE,        SOLAR PLANETA RICA,"19,9",CELSIA COLOMBIA S.A. E.S.P.,17/04/2024,PLANETA RICA,CÓRDOBA,SubArea Cerromatoso
SOLAR,AUTOGENERADOR,NO DESPACHADA CENTRALMENTE,        AUTOG SOLAR PALMIRA,0,CELSIA COLOMBIA S.A. E.S.P.,31/07/2025,PALMIRA,VALLE DEL CAUCA,SubArea Valle
SOLAR,GENERADOR,DESPACHADA CENTRALMENTE,        CARACOLI I,50,SOL DE LAS CIÉNAGAS S.A.S. E.S.P.,22/12/2024,MALAMBO,ATLÁNTICO,SubArea Atlantico
SOLAR,GENERADOR,DESPACHADA CENTRALMENTE,        EL PASO,68,ENEL COLOMBIA SA ESP,23/03/2024,EL PASO,CESAR,SubArea GCM
SOLAR,GENERADOR,DESPACHADA CENTRALMENTE,        FUNDACION,100,ENEL COLOMBIA SA ESP,24/06/2024,PIVIJAY,MAGDALENA,SubArea GCM
SOLAR,GENERADOR,DESPACHADA CENTRALMENTE,        GUAYEPO,370,ENEL COLOMBIA SA ESP,30/11/2024,PONEDERA,ATLÁNTICO,SubArea Atlantico
SOLAR,GENERADOR,DESPACHADA CENTRALMENTE,        LA MATA,80,SPK LA MATA S.A.S E.S.P,27/06/2024,LA GLORIA,CESAR,SubArea Norte de Santander
SOLAR,GENERADOR,DESPACHADA CENTRALMENTE,        LATAM SOLAR LA LOMA,150,ENEL COLOMBIA SA ESP,24/06/2024,EL PASO,CESAR,SubArea GCM
SOLAR,GENERADOR,DESPACHADA CENTRALMENTE,        PARQUE SOLAR LA UNION,100,SPK LA UNIÓN S.A.S. E.S.P.,19/06/2024,SAN CARLOS,CÓRDOBA,SubArea Cordoba_Sucre
SOLAR,GENERADOR,DESPACHADA CENTRALMENTE,        PARQUE SOLAR TEPUY,83,EMPRESAS PUBLICAS DE MEDELLIN E.S.P.,12/06/2024,LA DORADA,CALDAS,SubArea CQR
SOLAR,GENERADOR,DESPACHADA CENTRALMENTE,        PORTON DEL SOL,102,PARQUE SOLAR PORTON DEL SOL SAS ESP,08/03/2024,LA DORADA,CALDAS,SubArea Antioquia
SOLAR,GENERADOR,DESPACHADA CENTRALMENTE,        SUNNORTE,35,GENERSOL S.A.S. E.S.P.,26/11/2024,OCAÑA,NORTE DE SANTANDER,SubArea Norte de Santander
TÉRMICA,AUTOGENERADOR,NO DESPACHADA CENTRALMENTE,        AUTOG ARGOS SOGAMOSO,15,EMPRESAS PUBLICAS DE MEDELLIN E.S.P.,02/10/2018,SOGAMOSO,BOYACÁ,SubArea Boyaca-Casanare
TÉRMICA,AUTOGENERADOR,NO DESPACHADA CENTRALMENTE,        AUTOG ARGOS YUMBO,"9,9",CELSIA COLOMBIA S.A. E.S.P.,20/03/2016,YUMBO,VALLE DEL CAUCA,SubArea Valle
TÉRMICA,AUTOGENERADOR,NO DESPACHADA CENTRALMENTE,        AUTOG BIODIANA,"4,99",NITRO ENERGY COLOMBIA S.A.S. E.S.P.,25/01/2025,YOPAL,CASANARE,SubArea Boyaca-Casanare
TÉRMICA,AUTOGENERADOR,NO DESPACHADA CENTRALMENTE,        AUTOG COCA-COLA FEMSA,"2,44",DEPI ENERGY S.A.S. E.S.P.,25/07/2018,TOCANCIPÁ,CUNDINAMARCA,SubArea Bogota
TÉRMICA,AUTOGENERADOR,NO DESPACHADA CENTRALMENTE,        AUTOG CORPACERO,"2,1",COMERCIALIZADORA 4G ENERGIA SAS ESP,19/03/2025,BARRANQUILLA,ATLÁNTICO,SubArea Atlantico
TÉRMICA,AUTOGENERADOR,NO DESPACHADA CENTRALMENTE,        AUTOG INGENIO CARMELITA,"4,99",DEPI ENERGY S.A.S. E.S.P.,30/12/2022,RIOFRÍO,VALLE DEL CAUCA,SubArea Valle
TÉRMICA,AUTOGENERADOR,NO DESPACHADA CENTRALMENTE,        AUTOG INGENIO MARIA LUISA,"1,8",DEPI ENERGY S.A.S. E.S.P.,14/08/2021,FLORIDA,VALLE DEL CAUCA,SubArea Valle
TÉRMICA,AUTOGENERADOR,NO DESPACHADA CENTRALMENTE,        AUTOG LOS POCITOS,"4,1",BCCY CORDOBA S.A.S. E.S.P.,16/02/2025,TUBARÁ,ATLÁNTICO,SubArea Atlantico
TÉRMICA,AUTOGENERADOR,NO DESPACHADA CENTRALMENTE,        AUTOG PTAR BELLO,5,EMPRESAS PUBLICAS DE MEDELLIN E.S.P.,30/11/2020,BELLO,ANTIOQUIA,SubArea Antioquia
TÉRMICA,AUTOGENERADOR,NO DESPACHADA CENTRALMENTE,        AUTOG REFICAR,"9,9",GENERADORA Y COMERCIALIZADORA DE ENERGIA DEL CARIBE S.A. E.S.P.,26/04/2016,CARTAGENA DE INDIAS,BOLÍVAR,SubArea Bolivar
TÉRMICA,AUTOGENERADOR,NO DESPACHADA CENTRALMENTE,        AUTOG TERMOCOROCITO,"4,9",GENERSA S.A.S. E.S.P.,29/10/2024,TAME,ARAUCA,SubArea Arauca
TÉRMICA,AUTOGENERADOR,NO DESPACHADA CENTRALMENTE,        AUTOG TERMOMACAGUA,"4,9",GENERSA S.A.S. E.S.P.,29/06/2024,TAME,ARAUCA,SubArea Arauca
TÉRMICA,AUTOGENERADOR,NO DESPACHADA CENTRALMENTE,        AUTOG TERMOTAME,5,GENERSA S.A.S. E.S.P.,02/09/2021,TAME,ARAUCA,SubArea Arauca
TÉRMICA,AUTOGENERADOR,NO DESPACHADA CENTRALMENTE,        AUTOG TURGAS,"3,5",TERMOPIEDRAS S.A. E.S.P.,08/02/2020,SAN SEBASTIÁN DE MARIQUITA,TOLIMA,SubArea CQR
TÉRMICA,AUTOGENERADOR,NO DESPACHADA CENTRALMENTE,        AUTOG UNIBOL,"4,9",COMERCIALIZADORA 4G ENERGIA SAS ESP,11/02/2024,BARRANQUILLA,ATLÁNTICO,SubArea Atlantico
TÉRMICA,AUTOGENERADOR,NO DESPACHADA CENTRALMENTE,        AUTOG YAGUARITO,"1,6",ELECTRIFICADORA DEL META S.A. E.S.P.,22/03/2016,SAN CARLOS DE GUAROA,META,SubArea Meta
TÉRMICA,AUTOGENERADOR,NO DESPACHADA CENTRALMENTE,        POWER PLANT DRUMMOND,"19,9",DRUMMOND POWER S.A.S. E.S.P.,22/04/2024,EL PASO,CESAR,SubArea GCM
TÉRMICA,GENERADOR,NO DESPACHADA CENTRALMENTE,        ARGOS CARTAGENA,15,CELSIA COLOMBIA S.A. E.S.P.,15/03/2016,CARTAGENA DE INDIAS,BOLÍVAR,SubArea Bolivar
TÉRMICA,GENERADOR,NO DESPACHADA CENTRALMENTE,        DOÑA JUANA,"1,7",BIOGAS COLOMBIA S.A.S. E.S.P ,29/04/2016,BOGOTÁ. D.C.,BOGOTÁ. D.C.,SubArea Bogota
TÉRMICA,GENERADOR,NO DESPACHADA CENTRALMENTE,        PROENCA II,17,PROYECTOS ENERGETICOS DEL CAUCA S.A. E.S.P.,10/10/2017,GUACHENÉ,CAUCA,SubArea Cauca-Narino
TÉRMICA,GENERADOR,NO DESPACHADA CENTRALMENTE,        TEQUENDAMA BIOGAS,"2,25",VOLTAJE EMPRESARIAL S.A.S. E.S.P.,25/06/2016,FUNDACIÓN,MAGDALENA,SubArea GCM
TÉRMICA,GENERADOR,NO DESPACHADA CENTRALMENTE,        TERMOBOLIVAR,"9,7",GENERSA S.A.S. E.S.P.,04/03/2016,TÓPAGA,BOYACÁ,SubArea Boyaca-Casanare
TÉRMICA,GENERADOR,NO DESPACHADA CENTRALMENTE,        TERMOCAPACHOS,"9,9",GENERSA S.A.S. E.S.P.,04/08/2019,TAME,ARAUCA,SubArea Arauca
TÉRMICA,GENERADOR,NO DESPACHADA CENTRALMENTE,        TERMOMECHERO 4,"19,3",TERMO MECHERO MORRO S.A.S E.S.P ,02/02/2018,YOPAL,CASANARE,SubArea Boyaca-Casanare
TÉRMICA,GENERADOR,NO DESPACHADA CENTRALMENTE,        TERMOMECHERO 5,"19,3",TERMO MECHERO MORRO S.A.S E.S.P ,16/12/2017,YOPAL,CASANARE,SubArea Boyaca-Casanare
TÉRMICA,GENERADOR,NO DESPACHADA CENTRALMENTE,        TERMOMECHERO 6,"19,3",TERMO MECHERO MORRO S.A.S E.S.P ,02/02/2018,YOPAL,CASANARE,SubArea Boyaca-Casanare
TÉRMICA,GENERADOR,NO DESPACHADA CENTRALMENTE,        TERMOPIEDRAS,"3,75",TERMOPIEDRAS S.A. E.S.P.,30/12/1999,PIEDRAS,TOLIMA,SubArea Huila-Tolima
TÉRMICA,COGENERADOR,NO DESPACHADA CENTRALMENTE,        BIOENERGY,"19,9",AES COLOMBIA & CIA. S.C.A. E.S.P.,22/04/2017,PUERTO LÓPEZ,META,SubArea Meta
TÉRMICA,COGENERADOR,NO DESPACHADA CENTRALMENTE,        CENTRAL CASTILLA 1,3,RIOPAILA ENERGÍA S.A.S. E.S.P. ,15/08/2004,PRADERA,VALLE DEL CAUCA,SubArea Valle
TÉRMICA,COGENERADOR,NO DESPACHADA CENTRALMENTE,        COGENERADOR MANUELITA 2,12,EMPRESA DE ENERGIA DE PEREIRA S.A. E.S.P.,06/12/2024,PALMIRA,VALLE DEL CAUCA,SubArea Valle
TÉRMICA,COGENERADOR,NO DESPACHADA CENTRALMENTE,        COGENERADOR PROENCA,"19,9",PROYECTOS ENERGETICOS DEL CAUCA S.A. E.S.P.,29/04/2014,CALOTO,CAUCA,SubArea Cauca-Narino
TÉRMICA,COGENERADOR,NO DESPACHADA CENTRALMENTE,        INCAUCA 1,60,NITRO ENERGY COLOMBIA S.A.S. E.S.P.,21/10/1998,MIRANDA,CAUCA,SubArea Cauca-Narino
TÉRMICA,COGENERADOR,NO DESPACHADA CENTRALMENTE,        INGENIO PICHICHI 1,0,EMPRESA DE ENERGIA DE PEREIRA S.A. E.S.P.,26/01/2010,GUACARÍ,VALLE DEL CAUCA,SubArea Valle
TÉRMICA,COGENERADOR,NO DESPACHADA CENTRALMENTE,        INGENIO PROVIDENCIA 2,"19,9",NITRO ENERGY COLOMBIA S.A.S. E.S.P.,18/05/2009,EL CERRITO,VALLE DEL CAUCA,SubArea Valle
TÉRMICA,COGENERADOR,NO DESPACHADA CENTRALMENTE,        INGENIO RIOPAILA 1,16,RIOPAILA ENERGÍA S.A.S. E.S.P. ,21/05/2018,ZARZAL,VALLE DEL CAUCA,SubArea Valle
TÉRMICA,COGENERADOR,NO DESPACHADA CENTRALMENTE,        INGENIO RISARALDA 1,"19,9",ERCO GENERACION S.A.S. ESP,15/08/2003,BALBOA,RISARALDA,SubArea CQR
TÉRMICA,COGENERADOR,NO DESPACHADA CENTRALMENTE,        INGENIO SAN CARLOS 1,2,CELSIA COLOMBIA S.A. E.S.P.,23/07/2011,TULUÁ,VALLE DEL CAUCA,SubArea Valle
TÉRMICA,COGENERADOR,NO DESPACHADA CENTRALMENTE,        MAYAGUEZ 1,"19,9",CELSIA COLOMBIA S.A. E.S.P.,17/08/2010,CANDELARIA,VALLE DEL CAUCA,SubArea Valle
TÉRMICA,COGENERADOR,NO DESPACHADA CENTRALMENTE,        PAPELES NACIONALES,0,ENERCO S.A. E.S.P.,05/02/2009,PEREIRA,RISARALDA,SubArea CQR
TÉRMICA,GENERADOR,DESPACHADA CENTRALMENTE,        BARRANQUILLA 3,60,TERMOBARRANQUILLA S.A. EMPRESA DE SERVICIOS PUBLICOS,01/01/1980,SOLEDAD,ATLÁNTICO,SubArea Atlantico
TÉRMICA,GENERADOR,DESPACHADA CENTRALMENTE,        BARRANQUILLA 4,60,TERMOBARRANQUILLA S.A. EMPRESA DE SERVICIOS PUBLICOS,01/01/1980,SOLEDAD,ATLÁNTICO,SubArea Atlantico
TÉRMICA,GENERADOR,DESPACHADA CENTRALMENTE,        CARTAGENA 1,52,NITRO ENERGY COLOMBIA S.A.S. E.S.P.,20/07/1995,CARTAGENA DE INDIAS,BOLÍVAR,SubArea Bolivar
TÉRMICA,GENERADOR,DESPACHADA CENTRALMENTE,        CARTAGENA 2,60,NITRO ENERGY COLOMBIA S.A.S. E.S.P.,01/01/1980,CARTAGENA DE INDIAS,BOLÍVAR,SubArea Bolivar
TÉRMICA,GENERADOR,DESPACHADA CENTRALMENTE,        CARTAGENA 3,66,NITRO ENERGY COLOMBIA S.A.S. E.S.P.,01/01/1980,CARTAGENA DE INDIAS,BOLÍVAR,SubArea Bolivar
TÉRMICA,GENERADOR,DESPACHADA CENTRALMENTE,        FLORES 4 CC,445,ENFRAGEN TERMOFLORES S.A.S. E.S.P.,01/12/2010,BARRANQUILLA,ATLÁNTICO,SubArea Atlantico
TÉRMICA,GENERADOR,DESPACHADA CENTRALMENTE,        FLORES I CC,160,ENFRAGEN TERMOFLORES S.A.S. E.S.P.,01/11/1993,BARRANQUILLA,ATLÁNTICO,SubArea Atlantico
TÉRMICA,GENERADOR,DESPACHADA CENTRALMENTE,        GECELCA 3,164,GENERADORA Y COMERCIALIZADORA DE ENERGIA DEL CARIBE S.A. E.S.P.,17/09/2015,PUERTO LIBERTADOR,CÓRDOBA,SubArea Cerromatoso
TÉRMICA,GENERADOR,DESPACHADA CENTRALMENTE,        GECELCA 32,270,GENERADORA Y COMERCIALIZADORA DE ENERGIA DEL CARIBE S.A. E.S.P.,28/09/2018,PUERTO LIBERTADOR,CÓRDOBA,SubArea Cerromatoso
TÉRMICA,GENERADOR,DESPACHADA CENTRALMENTE,        GUAJIRA 1,145,GENERADORA Y COMERCIALIZADORA DE ENERGIA DEL CARIBE S.A. E.S.P.,08/08/1983,DIBULLA,LA GUAJIRA,SubArea GCM
TÉRMICA,GENERADOR,DESPACHADA CENTRALMENTE,        GUAJIRA 2,130,GENERADORA Y COMERCIALIZADORA DE ENERGIA DEL CARIBE S.A. E.S.P.,23/11/1987,DIBULLA,LA GUAJIRA,SubArea GCM
TÉRMICA,GENERADOR,DESPACHADA CENTRALMENTE,        MERILECTRICA 1,164,CELSIA COLOMBIA S.A. E.S.P.,05/02/1998,BARRANCABERMEJA,SANTANDER,SubArea Santander
TÉRMICA,GENERADOR,DESPACHADA CENTRALMENTE,        PAIPA 1,36,GESTION ENERGETICA S.A. E.S.P.,01/01/1963,PAIPA,BOYACÁ,SubArea Boyaca-Casanare
TÉRMICA,GENERADOR,DESPACHADA CENTRALMENTE,        PAIPA 2,72,GESTION ENERGETICA S.A. E.S.P.,01/01/1975,PAIPA,BOYACÁ,SubArea Boyaca-Casanare
TÉRMICA,GENERADOR,DESPACHADA CENTRALMENTE,        PAIPA 3,70,GESTION ENERGETICA S.A. E.S.P.,06/05/1982,PAIPA,BOYACÁ,SubArea Boyaca-Casanare
TÉRMICA,GENERADOR,DESPACHADA CENTRALMENTE,        PAIPA 4,165,COMPAÑÍA ELÉCTRICA DE SOCHAGOTA  S.A. E.S.P.,08/01/1999,PAIPA,BOYACÁ,SubArea Boyaca-Casanare
TÉRMICA,GENERADOR,DESPACHADA CENTRALMENTE,        PROELECTRICA 1,45,PROELECTRICA S.A.S E.S.P.,01/07/1993,CARTAGENA DE INDIAS,BOLÍVAR,SubArea Bolivar
TÉRMICA,GENERADOR,DESPACHADA CENTRALMENTE,        PROELECTRICA 2,45,PROELECTRICA S.A.S E.S.P.,01/07/1993,CARTAGENA DE INDIAS,BOLÍVAR,SubArea Bolivar
TÉRMICA,GENERADOR,DESPACHADA CENTRALMENTE,        TASAJERO 1,165,TERMOTASAJERO S.A. E.S.P.,20/02/1985,SAN CAYETANO,NORTE DE SANTANDER,SubArea Norte de Santander
TÉRMICA,GENERADOR,DESPACHADA CENTRALMENTE,        TASAJERO 2,170,TERMOTASAJERO DOS S.A. E.S.P. ,30/11/2015,SAN CAYETANO,NORTE DE SANTANDER,SubArea Norte de Santander
TÉRMICA,GENERADOR,DESPACHADA CENTRALMENTE,        TEBSAB CC,791,TERMOBARRANQUILLA S.A. EMPRESA DE SERVICIOS PUBLICOS,21/10/1989,SOLEDAD,ATLÁNTICO,SubArea Atlantico
TÉRMICA,GENERADOR,DESPACHADA CENTRALMENTE,        TERMOCANDELARIA CC,555,TERMOCANDELARIA S.A.S. - E.S.P. ,27/10/2023,CARTAGENA DE INDIAS,BOLÍVAR,SubArea Bolivar
TÉRMICA,GENERADOR,DESPACHADA CENTRALMENTE,        TERMOCARIBE III,52,TERMO CARIBE S.A.S. E.S.P.,21/03/2024,SANTA ROSA,BOLÍVAR,SubArea Bolivar
TÉRMICA,GENERADOR,DESPACHADA CENTRALMENTE,        TERMOCENTRO CC,272,GENERADORA TERMOCENTRO S.A.S. E.S.P.,30/11/2000,CIMITARRA,SANTANDER,SubArea Antioquia
TÉRMICA,GENERADOR,DESPACHADA CENTRALMENTE,        TERMODORADA 1,50,EMPRESAS PUBLICAS DE MEDELLIN E.S.P.,11/08/1997,LA DORADA,CALDAS,SubArea CQR
TÉRMICA,GENERADOR,DESPACHADA CENTRALMENTE,        TERMOEMCALI CC,229,TERMOEMCALI I S.A. E.S.P.,16/07/1999,PALMIRA,VALLE DEL CAUCA,SubArea Valle
TÉRMICA,GENERADOR,DESPACHADA CENTRALMENTE,        TERMONORTE,88,TERMONORTE S.A.S. E.S.P.,01/12/2018,SANTA MARTA,MAGDALENA,SubArea GCM
TÉRMICA,GENERADOR,DESPACHADA CENTRALMENTE,        TERMOSIERRA CC,352,EMPRESAS PUBLICAS DE MEDELLIN E.S.P.,07/02/1998,PUERTO NARE,ANTIOQUIA,SubArea Antioquia
TÉRMICA,GENERADOR,DESPACHADA CENTRALMENTE,        TERMOVALLE CC,241,ENFRAGEN TERMOVALLE S.A.S. EMPRESA DE SERVICIOS PUBLICOS,17/12/2011,PALMIRA,VALLE DEL CAUCA,SubArea Valle
TÉRMICA,GENERADOR,DESPACHADA CENTRALMENTE,        TERMOYOPAL 1,8,TERMOYOPAL GENERACION 2 S.A.S E.S.P.,01/12/2020,YOPAL,CASANARE,SubArea Boyaca-Casanare
TÉRMICA,GENERADOR,DESPACHADA CENTRALMENTE,        TERMOYOPAL 2,28,TERMOYOPAL GENERACION 2 S.A.S E.S.P.,29/07/2004,YOPAL,CASANARE,SubArea Boyaca-Casanare
TÉRMICA,GENERADOR,DESPACHADA CENTRALMENTE,        TERMOYOPAL G3,50,TERMOYOPAL GENERACION 2 S.A.S E.S.P.,31/08/2020,YOPAL,CASANARE,SubArea Boyaca-Casanare
TÉRMICA,GENERADOR,DESPACHADA CENTRALMENTE,        TERMOYOPAL G4,50,TERMOYOPAL GENERACION 2 S.A.S E.S.P.,31/08/2020,YOPAL,CASANARE,SubArea Boyaca-Casanare
TÉRMICA,GENERADOR,DESPACHADA CENTRALMENTE,        TERMOYOPAL G5,50,TERMOYOPAL GENERACION 2 S.A.S E.S.P.,11/02/2021,YOPAL,CASANARE,SubArea Boyaca-Casanare
TÉRMICA,GENERADOR,DESPACHADA CENTRALMENTE,        TESORITO,200,CELSIA COLOMBIA S.A. E.S.P.,14/09/2022,SAHAGÚN,CÓRDOBA,SubArea Cordoba_Sucre
TÉRMICA,GENERADOR,DESPACHADA CENTRALMENTE,        ZIPAEMG 2,36,ENEL COLOMBIA SA ESP,01/01/1964,TOCANCIPÁ,CUNDINAMARCA,SubArea Bogota
TÉRMICA,GENERADOR,DESPACHADA CENTRALMENTE,        ZIPAEMG 3,63,ENEL COLOMBIA SA ESP,01/01/1976,TOCANCIPÁ,CUNDINAMARCA,SubArea Bogota
TÉRMICA,GENERADOR,DESPACHADA CENTRALMENTE,        ZIPAEMG 4,64,ENEL COLOMBIA SA ESP,01/04/1981,TOCANCIPÁ,CUNDINAMARCA,SubArea Bogota
TÉRMICA,GENERADOR,DESPACHADA CENTRALMENTE,        ZIPAEMG 5,63,ENEL COLOMBIA SA ESP,14/12/1985,TOCANCIPÁ,CUNDINAMARCA,SubArea Bogota